"","diff","lwr.ci","upr.ci","pval"
"mock-siRNA_Ø",514753.333333333,-149832.174195816,1179338.84086248,0.198448138785538
"siRNA_1-siRNA_Ø",548880,-115705.507529149,1213465.50752915,0.148857988591357
"siRNA_2-siRNA_Ø",3720893.33333333,3056307.82580418,4385478.84086248,0
"siRNA_3-siRNA_Ø",4291053.33333333,3626467.82580418,4955638.84086248,0
"siRNA_4-siRNA_Ø",3198766.66666667,2534181.15913752,3863352.17419582,0
"siRNA_5-siRNA_Ø",2637713.33333333,1973127.82580418,3302298.84086248,7.7715611723761e-16
"siRNA_6-siRNA_Ø",928866.666666667,264281.159137518,1593452.17419582,0.00232903797514716
"siRNA_7-siRNA_Ø",300420,-364165.507529149,965005.507529149,0.751464826018144
"siRNA_8-siRNA_Ø",3983680,3319094.49247085,4648265.50752915,0
