"","diff","lwr.ci","upr.ci","pval"
"mock-siRNA_Ø",1206113.33333333,325969.812683614,2086256.85398305,0.00286439492799273
"siRNA_1-siRNA_Ø",613166.666666667,-266976.853983053,1493310.18731639,0.295803671871852
"siRNA_2-siRNA_Ø",5204360,4324216.47935028,6084503.52064972,0
"siRNA_3-siRNA_Ø",5851433.33333333,4971289.81268361,6731576.85398305,0
"siRNA_4-siRNA_Ø",3257420,2377276.47935028,4137563.52064972,2.28705943072782e-14
"siRNA_5-siRNA_Ø",3456706.66666667,2576563.14601695,4336850.18731639,1.22124532708767e-15
"siRNA_6-siRNA_Ø",968593.333333334,88449.8126836136,1848736.85398305,0.0246411588320871
"siRNA_7-siRNA_Ø",597260,-282883.52064972,1477403.52064972,0.322653195884178
"siRNA_8-siRNA_Ø",4994593.33333333,4114449.81268361,5874736.85398305,0
