"","diff","lwr.ci","upr.ci","pval"
"mock-siRNA_Ø",540460,-617041.946008444,1697961.94600844,0.722315718846305
"siRNA_1-siRNA_Ø",21460,-1136041.94600844,1178961.94600844,0.999999999996708
"siRNA_2-siRNA_Ø",6050706.66666667,4893204.72065822,7208208.61267511,0
"siRNA_3-siRNA_Ø",5636333.33333333,4478831.38732489,6793835.27934178,0
"siRNA_4-siRNA_Ø",3710346.66666667,2552844.72065822,4867848.61267511,5.76494407766859e-12
"siRNA_5-siRNA_Ø",3157006.66666667,1999504.72065822,4314508.61267511,9.86609016706552e-10
"siRNA_6-siRNA_Ø",1018713.33333333,-138788.612675111,2176215.27934178,0.108052359649911
"siRNA_7-siRNA_Ø",433746.666666666,-723755.279341778,1591248.61267511,0.883327779071101
"siRNA_8-siRNA_Ø",5169633.33333333,4012131.38732489,6327135.27934178,0
