"","diff","lwr.ci","upr.ci","pval"
"siRNA 1-siRNA ø",-3072.723384574,-3909.55486196433,-2235.89190718366,3.28825855433479e-12
"siRNA 2-siRNA ø",-4821.95208015863,-5658.78355754896,-3985.12060276829,0
"siRNA 3-siRNA ø",-4817.55885715653,-5654.39033454686,-3980.72737976619,0
"siRNA 4-siRNA ø",-4634.32928733062,-5471.16076472095,-3797.49780994028,0
"siRNA 5-siRNA ø",-4514.6341963881,-5351.46567377844,-3677.80271899777,0
"siRNA 6-siRNA ø",-3667.17953287495,-4504.01101026529,-2830.34805548462,0
"siRNA 7-siRNA ø",-2962.18596572919,-3799.01744311953,-2125.35448833886,1.01363362148277e-13
"siRNA 8-siRNA ø",-4721.21258009758,-5558.04405748792,-3884.38110270725,0
"mock-siRNA ø",-560.224075008102,-1397.05555239844,276.607402382233,0.336956484745612
