"","diff","lwr.ci","upr.ci","pval"
"mock-siRNA_Ø",211600,-590867.765419676,1014067.76541968,0.982832884218165
"siRNA_1-siRNA_Ø",645486.666666667,-156981.098753009,1447954.43208634,0.168198287440928
"siRNA_2-siRNA_Ø",2294153.33333333,1491685.56791366,3096621.09875301,4.11529810229183e-10
"siRNA_3-siRNA_Ø",3167960,2365492.23458032,3970427.76541968,5.44009282066327e-15
"siRNA_4-siRNA_Ø",1247780,445312.234580324,2050247.76541968,0.000575527620389149
"siRNA_5-siRNA_Ø",1656313.33333333,853845.567913658,2458781.09875301,2.85127984667177e-06
"siRNA_6-siRNA_Ø",182900,-619567.765419676,985367.765419676,0.99341455370214
"siRNA_7-siRNA_Ø",268640,-533827.765419676,1071107.76541968,0.932501591358243
"siRNA_8-siRNA_Ø",2734180,1931712.23458032,3536647.76541968,5.12923037376822e-13
